[
  { "label": "Niue", "value": "(GMT-11:00) Niue Time" },
  { "label": "Pago Pago, AS", "value": "(GMT-11:00) Samoa Standard Time" },
  { "label": "Rarotonga, CK", "value": "(GMT-10:00) Cook Islands Standard Time" },
  { "label": "Tahiti, PF", "value": "(GMT-10:00) Tahiti Time" },
  { "label": "Honolulu, US", "value": "(GMT-10:00) Hawaii-Aleutian Standard Time" },
  { "label": "Marquesas, PF", "value": "(GMT-09:30) Marquesas Islands Time" },
  { "label": "Gambier, PF", "value": "(GMT-09:00) Gambier Time" },
  { "label": "Nome, US", "value": "(GMT-09:00) Alaska Time - Nome" },
  { "label": "Metlakatla, US", "value": "(GMT-09:00) Alaska Time - Metlakatla" },
  { "label": "Sitka, US", "value": "(GMT-09:00) Alaska Time - Sitka" },
  { "label": "Anchorage, US", "value": "(GMT-09:00) Alaska Time - Anchorage" },
  { "label": "Yakutat, US", "value": "(GMT-09:00) Alaska Time - Yakutat" },
  { "label": "Juneau, US", "value": "(GMT-09:00) Alaska Time - Juneau" },
  { "label": "Los Angeles, US", "value": "(GMT-08:00) Pacific Time - Los Angeles" },
  { "label": "Vancouver, CA", "value": "(GMT-08:00) Pacific Time - Vancouver" },
  { "label": "Tijuana, MX", "value": "(GMT-08:00) Pacific Time - Tijuana" },
  { "label": "Pitcairn, PN", "value": "(GMT-08:00) Pitcairn Time" },
  { "label": "Mazatlán, MX", "value": "(GMT-07:00) Mexican Pacific Standard Time - Mazatlán" },
  { "label": "Hermosillo, MX", "value": "(GMT-07:00) Mexican Pacific Standard Time - Hermosillo" },
  { "label": "Dawson Creek, CA", "value": "(GMT-07:00) Mountain Standard Time - Dawson Creek" },
  { "label": "Fort Nelson, CA", "value": "(GMT-07:00) Mountain Standard Time - Fort Nelson" },
  { "label": "Phoenix, US", "value": "(GMT-07:00) Mountain Standard Time - Phoenix" },
  { "label": "Denver, US", "value": "(GMT-07:00) Mountain Time - Denver" },
  { "label": "Boise, US", "value": "(GMT-07:00) Mountain Time - Boise" },
  { "label": "Ciudad Juárez, MX", "value": "(GMT-07:00) Mountain Time - Ciudad Juárez" },
  { "label": "Edmonton, CA", "value": "(GMT-07:00) Mountain Time - Edmonton" },
  { "label": "Inuvik, CA", "value": "(GMT-07:00) Mountain Time - Inuvik" },
  { "label": "Cambridge Bay, CA", "value": "(GMT-07:00) Mountain Time - Cambridge Bay" },
  { "label": "Dawson, CA", "value": "(GMT-07:00) Yukon Time - Dawson" },
  { "label": "Whitehorse, CA", "value": "(GMT-07:00) Yukon Time - Whitehorse" },
  { "label": "Galapagos, EC", "value": "(GMT-06:00) Galapagos Time" },
  { "label": "New Salem, US", "value": "(GMT-06:00) Central Time - New Salem" },
  { "label": "Rankin Inlet, CA", "value": "(GMT-06:00) Central Time - Rankin Inlet" },
  { "label": "Resolute, CA", "value": "(GMT-06:00) Central Time - Resolute" },
  { "label": "Matamoros, MX", "value": "(GMT-06:00) Central Time - Matamoros" },
  { "label": "Menominee, US", "value": "(GMT-06:00) Central Time - Menominee" },
  { "label": "Chicago, US", "value": "(GMT-06:00) Central Time - Chicago" },
  { "label": "Winnipeg, CA", "value": "(GMT-06:00) Central Time - Winnipeg" },
  { "label": "Guatemala City, GT", "value": "(GMT-06:00) Central Standard Time - Guatemala" },
  { "label": "Regina, CA", "value": "(GMT-06:00) Central Standard Time - Regina" },
  { "label": "Managua, NI", "value": "(GMT-06:00) Central Standard Time - Managua" },
  { "label": "Merida, MX", "value": "(GMT-06:00) Central Standard Time - Merida" },
  { "label": "Mexico City, MX", "value": "(GMT-06:00) Central Standard Time - Mexico City" },
  { "label": "Monterrey, MX", "value": "(GMT-06:00) Central Standard Time - Monterrey" },
  { "label": "Bahia Banderas, MX", "value": "(GMT-06:00) Central Standard Time - Bahia Banderas" },
  { "label": "Belize City, BZ", "value": "(GMT-06:00) Central Standard Time - Belize" },
  { "label": "Swift Current, CA", "value": "(GMT-06:00) Central Standard Time - Swift Current" },
  { "label": "San Salvador, SV", "value": "(GMT-06:00) Central Standard Time - El Salvador" },
  { "label": "Chihuahua, MX", "value": "(GMT-06:00) Central Standard Time - Chihuahua" },
  { "label": "San José, CR", "value": "(GMT-06:00) Central Standard Time - Costa Rica" },
  { "label": "Tegucigalpa, HN", "value": "(GMT-06:00) Central Standard Time - Tegucigalpa" },
  { "label": "Grand Turk, TC", "value": "(GMT-05:00) Eastern Time - Grand Turk" },
  { "label": "New York, US", "value": "(GMT-05:00) Eastern Time - New York" },
  { "label": "Detroit, US", "value": "(GMT-05:00) Eastern Time - Detroit" },
  { "label": "Louisville, US", "value": "(GMT-05:00) Eastern Time - Louisville" },
  { "label": "Iqaluit, CA", "value": "(GMT-05:00) Eastern Time - Iqaluit" },
  { "label": "Indianapolis, US", "value": "(GMT-05:00) Eastern Time - Indianapolis" },
  { "label": "Toronto, CA", "value": "(GMT-05:00) Eastern Time - Toronto" },
  { "label": "Port-au-Prince, HT", "value": "(GMT-05:00) Eastern Time - Port-au-Prince" },
  { "label": "Kingston, JM", "value": "(GMT-05:00) Eastern Standard Time - Jamaica" },
  { "label": "Cancun, MX", "value": "(GMT-05:00) Eastern Standard Time - Cancun" },
  { "label": "Panama City, PA", "value": "(GMT-05:00) Eastern Standard Time - Panama" },
  { "label": "Rio Branco, BR", "value": "(GMT-05:00) Acre Standard Time - Rio Branco" },
  { "label": "Guayaquil, EC", "value": "(GMT-05:00) Ecuador Time" },
  { "label": "Easter Island, CL", "value": "(GMT-05:00) Easter Island Time" },
  { "label": "Bogotá, CO", "value": "(GMT-05:00) Colombia Standard Time" },
  { "label": "Havana, CU", "value": "(GMT-05:00) Cuba Time" },
  { "label": "Lima, PE", "value": "(GMT-05:00) Peru Standard Time" },
  { "label": "Georgetown, GY", "value": "(GMT-04:00) Guyana Time" },
  { "label": "Goose Bay, CA", "value": "(GMT-04:00) Atlantic Time - Goose Bay" },
  { "label": "Glace Bay, CA", "value": "(GMT-04:00) Atlantic Time - Glace Bay" },
  { "label": "Moncton, CA", "value": "(GMT-04:00) Atlantic Time - Moncton" },
  { "label": "Bermuda, BM", "value": "(GMT-04:00) Atlantic Time - Bermuda" },
  { "label": "Thule, GL", "value": "(GMT-04:00) Atlantic Time - Thule" },
  { "label": "Halifax, CA", "value": "(GMT-04:00) Atlantic Time - Halifax" },
  { "label": "Martinique, MQ", "value": "(GMT-04:00) Atlantic Standard Time - Martinique" },
  { "label": "Barbados, BB", "value": "(GMT-04:00) Atlantic Standard Time - Barbados" },
  { "label": "Santo Domingo, DO", "value": "(GMT-04:00) Atlantic Standard Time - Santo Domingo" },
  { "label": "San Juan, PR", "value": "(GMT-04:00) Atlantic Standard Time - Puerto Rico" },
  { "label": "Caracas, VE", "value": "(GMT-04:00) Venezuela Time" },
  { "label": "La Paz, BO", "value": "(GMT-04:00) Bolivia Time" },
  { "label": "Manaus, BR", "value": "(GMT-04:00) Amazon Standard Time - Manaus" },
  { "label": "Boa Vista, BR", "value": "(GMT-04:00) Amazon Standard Time - Boa Vista" },
  { "label": "Campo Grande, BR", "value": "(GMT-04:00) Amazon Standard Time - Campo Grande" },
  { "label": "Cuiabá, BR", "value": "(GMT-04:00) Amazon Standard Time - Cuiabá" },
  { "label": "Porto Velho, BR", "value": "(GMT-04:00) Amazon Standard Time - Porto Velho" },
  { "label": "St. John's, CA", "value": "(GMT-03:30) Newfoundland Time" },
  { "label": "Recife, BR", "value": "(GMT-03:00) Brasilia Standard Time - Recife" },
  { "label": "Maceio, BR", "value": "(GMT-03:00) Brasilia Standard Time - Maceio" },
  { "label": "Bahia, BR", "value": "(GMT-03:00) Brasilia Standard Time - Bahia" },
  { "label": "Belém, BR", "value": "(GMT-03:00) Brasilia Standard Time - Belém" },
  { "label": "Santarém, BR", "value": "(GMT-03:00) Brasilia Standard Time - Santarém" },
  { "label": "São Paulo, BR", "value": "(GMT-03:00) Brasilia Standard Time - São Paulo" },
  { "label": "Araguaina, BR", "value": "(GMT-03:00) Brasilia Standard Time - Araguaina" },
  { "label": "Fortaleza, BR", "value": "(GMT-03:00) Brasilia Standard Time - Fortaleza" },
  { "label": "Saint-Pierre, PM", "value": "(GMT-03:00) Saint Pierre and Miquelon Time" },
  { "label": "Paramaribo, SR", "value": "(GMT-03:00) Suriname Time" },
  { "label": "Buenos Aires, AR", "value": "(GMT-03:00) Argentina Standard Time - Buenos Aires" },
  { "label": "Córdoba, AR", "value": "(GMT-03:00) Argentina Standard Time - Cordoba" },
  { "label": "Montevideo, UY", "value": "(GMT-03:00) Uruguay Standard Time" },
  { "label": "Santiago, CL", "value": "(GMT-03:00) Chile Time" },
  { "label": "Asunción, PY", "value": "(GMT-03:00) Paraguay Standard Time" },
  { "label": "Stanley, FK", "value": "(GMT-03:00) Falkland Islands Standard Time" },
  { "label": "Punta Arenas, CL", "value": "(GMT-03:00) Punta Arenas Time" },
  { "label": "Cayenne, GF", "value": "(GMT-03:00) French Guiana Time" },
  { "label": "Nuuk, GL", "value": "(GMT-02:00) West Greenland Time" },
  { "label": "South Georgia, GS", "value": "(GMT-02:00) South Georgia Time" },
  { "label": "Fernando de Noronha, BR", "value": "(GMT-02:00) Fernando de Noronha Time" },
  { "label": "Azores, PT", "value": "(GMT-01:00) Azores Time" },
  { "label": "Praia, CV", "value": "(GMT-01:00) Cape Verde Standard Time" },
  { "label": "Greenwich", "value": "(GMT+00:00) Greenwich Mean Time" },
  { "label": "Reykjavik, IS", "value": "(GMT+00:00) Greenwich Mean Time - Reykjavik" },
  { "label": "Monrovia, LR", "value": "(GMT+00:00) Greenwich Mean Time - Monrovia" },
  { "label": "Bissau, GW", "value": "(GMT+00:00) Greenwich Mean Time - Bissau" },
  { "label": "São Tomé, ST", "value": "(GMT+00:00) Greenwich Mean Time - São Tomé" },
  { "label": "Abidjan, CI", "value": "(GMT+00:00) Greenwich Mean Time - Abidjan" },
  { "label": "Lisbon, PT", "value": "(GMT+00:00) Western European Time - Lisbon" },
  { "label": "Madeira, PT", "value": "(GMT+00:00) Western European Time - Madeira" },
  { "label": "Canary Islands, ES", "value": "(GMT+00:00) Western European Time - Canary Islands" },
  { "label": "Faroe Islands, FO", "value": "(GMT+00:00) Western European Time - Faroe Islands" },
  { "label": "Dublin, IE", "value": "(GMT+00:00) Irish Time" },
  { "label": "London, GB", "value": "(GMT+00:00) UK Time" },
  { "label": "UTC", "value": "(GMT+00:00) Coordinated Universal Time" },
  { "label": "Casablanca, MA", "value": "(GMT+01:00) Morocco Time" },
  { "label": "El Aaiún, EH", "value": "(GMT+01:00) Western Sahara Time" },
  { "label": "Lagos, NG", "value": "(GMT+01:00) West Africa Time - Lagos" },
  { "label": "N'Djamena, TD", "value": "(GMT+01:00) West Africa Time - N'Djamena" },
  { "label": "Rome, IT", "value": "(GMT+01:00) Central European Time - Rome" },
  { "label": "Luxembourg, LU", "value": "(GMT+01:00) Central European Time - Luxembourg" },
  { "label": "Madrid, ES", "value": "(GMT+01:00) Central European Time - Madrid" },
  { "label": "Monaco, MC", "value": "(GMT+01:00) Central European Time - Monaco" },
  { "label": "Malta, MT", "value": "(GMT+01:00) Central European Time - Malta" },
  { "label": "Warsaw, PL", "value": "(GMT+01:00) Central European Time - Warsaw" },
  { "label": "Berlin, DE", "value": "(GMT+01:00) Central European Time - Berlin" },
  { "label": "Belgrade, RS", "value": "(GMT+01:00) Central European Time - Belgrade" },
  { "label": "Budapest, HU", "value": "(GMT+01:00) Central European Time - Budapest" },
  { "label": "Brussels, BE", "value": "(GMT+01:00) Central European Time - Brussels" },
  { "label": "Vienna, AT", "value": "(GMT+01:00) Central European Time - Vienna" },
  { "label": "Ceuta, ES", "value": "(GMT+01:00) Central European Time - Ceuta" },
  { "label": "Stockholm, SE", "value": "(GMT+01:00) Central European Time - Stockholm" },
  { "label": "Andorra la Vella, AD", "value": "(GMT+01:00) Central European Time - Andorra" },
  { "label": "Amsterdam, NL", "value": "(GMT+01:00) Central European Time - Amsterdam" },
  { "label": "Oslo, NO", "value": "(GMT+01:00) Central European Time - Oslo" },
  { "label": "Gibraltar, GI", "value": "(GMT+01:00) Central European Time - Gibraltar" },
  { "label": "Zurich, CH", "value": "(GMT+01:00) Central European Time - Zurich" },
  { "label": "Copenhagen, DK", "value": "(GMT+01:00) Central European Time - Copenhagen" },
  { "label": "Tirana, AL", "value": "(GMT+01:00) Central European Time - Tirana" },
  { "label": "Paris, FR", "value": "(GMT+01:00) Central European Time - Paris" },
  { "label": "Prague, CZ", "value": "(GMT+01:00) Central European Time - Prague" },
  { "label": "Algiers, DZ", "value": "(GMT+01:00) Central European Time - Algiers" },
  { "label": "Tunis, TN", "value": "(GMT+01:00) Central European Time - Tunis" },
  { "label": "Johannesburg, ZA", "value": "(GMT+02:00) South Africa Standard Time" },
  { "label": "Gaza, PS", "value": "(GMT+02:00) Eastern European Time - Gaza" },
  { "label": "Nicosia, CY", "value": "(GMT+02:00) Eastern European Time - Nicosia" },
  { "label": "Riga, LV", "value": "(GMT+02:00) Eastern European Time - Riga" },
  { "label": "Beirut, LB", "value": "(GMT+02:00) Eastern European Time - Beirut" },
  { "label": "Bucharest, RO", "value": "(GMT+02:00) Eastern European Time - Bucharest" },
  { "label": "Vilnius, LT", "value": "(GMT+02:00) Eastern European Time - Vilnius" },
  { "label": "Sofia, BG", "value": "(GMT+02:00) Eastern European Time - Sofia" },
  { "label": "Athens, GR", "value": "(GMT+02:00) Eastern European Time - Athens" },
  { "label": "Cairo, EG", "value": "(GMT+02:00) Eastern European Time - Cairo" },
  { "label": "Chisinau, MD", "value": "(GMT+02:00) Eastern European Time - Chisinau" },
  { "label": "Kyiv, UA", "value": "(GMT+02:00) Eastern European Time - Kyiv" },
  { "label": "Tallinn, EE", "value": "(GMT+02:00) Eastern European Time - Tallinn" },
  { "label": "Helsinki, FI", "value": "(GMT+02:00) Eastern European Time - Helsinki" },
  { "label": "Kaliningrad, RU", "value": "(GMT+02:00) Eastern European Time - Kaliningrad" },
  { "label": "Tripoli, LY", "value": "(GMT+02:00) Eastern European Time - Tripoli" },
  { "label": "Jerusalem, IL", "value": "(GMT+02:00) Israel Time" },
  { "label": "Maputo, MZ", "value": "(GMT+02:00) Central Africa Time - Maputo" },
  { "label": "Windhoek, NA", "value": "(GMT+02:00) Central Africa Time - Windhoek" },
  { "label": "Juba, SS", "value": "(GMT+02:00) Central Africa Time - Juba" },
  { "label": "Khartoum, SD", "value": "(GMT+02:00) Central Africa Time - Khartoum" },
  { "label": "Nairobi, KE", "value": "(GMT+03:00) East Africa Time" },
  { "label": "Moscow, RU", "value": "(GMT+03:00) Moscow Standard Time - Moscow" },
  { "label": "Minsk, BY", "value": "(GMT+03:00) Moscow Standard Time - Minsk" },
  { "label": "Volgograd, RU", "value": "(GMT+03:00) Moscow Standard Time - Volgograd" },
  { "label": "Damascus, SY", "value": "(GMT+03:00) Syria Time" },
  { "label": "Riyadh, SA", "value": "(GMT+03:00) Arabian Standard Time - Riyadh" },
  { "label": "Baghdad, IQ", "value": "(GMT+03:00) Arabian Standard Time - Baghdad" },
  { "label": "Doha, QA", "value": "(GMT+03:00) Arabian Standard Time - Qatar" },
  { "label": "Amman, JO", "value": "(GMT+03:00) Jordan Time" },
  { "label": "Istanbul, TR", "value": "(GMT+03:00) Turkey Time" },
  { "label": "Tehran, IR", "value": "(GMT+03:30) Iran Standard Time" },
  { "label": "Dubai, AE", "value": "(GMT+04:00) Gulf Standard Time" },
  { "label": "Réunion, RE", "value": "(GMT+04:00) Reunion Time" },
  { "label": "Port Louis, MU", "value": "(GMT+04:00) Mauritius Standard Time" },
  { "label": "Saratov, RU", "value": "(GMT+04:00) Saratov Time" },
  { "label": "Samara, RU", "value": "(GMT+04:00) Samara Standard Time" },
  { "label": "Victoria, SC", "value": "(GMT+04:00) Seychelles Time" },
  { "label": "Yerevan, AM", "value": "(GMT+04:00) Armenia Standard Time" },
  { "label": "Baku, AZ", "value": "(GMT+04:00) Azerbaijan Standard Time" },
  { "label": "Tbilisi, GE", "value": "(GMT+04:00) Georgia Standard Time" },
  { "label": "Kabul, AF", "value": "(GMT+04:30) Afghanistan Time" },
  { "label": "Maldives, MV", "value": "(GMT+05:00) Maldives Time" },
  { "label": "Yekaterinburg, RU", "value": "(GMT+05:00) Yekaterinburg Standard Time" },
  { "label": "Samarkand, UZ", "value": "(GMT+05:00) Uzbekistan Standard Time - Samarkand" },
  { "label": "Tashkent, UZ", "value": "(GMT+05:00) Uzbekistan Standard Time - Tashkent" },
  { "label": "Almaty, KZ", "value": "(GMT+05:00) Kazakhstan Time - Almaty" },
  { "label": "Dushanbe, TJ", "value": "(GMT+05:00) Tajikistan Time" },
  { "label": "Ashgabat, TM", "value": "(GMT+05:00) Turkmenistan Standard Time" },
  { "label": "Karachi, PK", "value": "(GMT+05:00) Pakistan Standard Time" },
  { "label": "Colombo, LK", "value": "(GMT+05:30) India Standard Time - Colombo" },
  { "label": "Kolkata, IN", "value": "(GMT+05:30) India Standard Time - Kolkata" },
  { "label": "Kathmandu, NP", "value": "(GMT+05:45) Nepal Time" },
  { "label": "Dhaka, BD", "value": "(GMT+06:00) Bangladesh Standard Time" },
  { "label": "Thimphu, BT", "value": "(GMT+06:00) Bhutan Time" },
  { "label": "Omsk, RU", "value": "(GMT+06:00) Omsk Standard Time" },
  { "label": "Urumqi, CN", "value": "(GMT+06:00) Urumqi Time" },
  { "label": "Bishkek, KG", "value": "(GMT+06:00) Kyrgyzstan Time" },
  { "label": "Yangon, MM", "value": "(GMT+06:30) Myanmar Time" },
  { "label": "Cocos Islands, CC", "value": "(GMT+06:30) Cocos Islands Time" },
  { "label": "Jakarta, ID", "value": "(GMT+07:00) Western Indonesia Time - Jakarta" },
  { "label": "Pontianak, ID", "value": "(GMT+07:00) Western Indonesia Time - Pontianak" },
  { "label": "Bangkok, TH", "value": "(GMT+07:00) Indochina Time - Bangkok" },
  { "label": "Ho Chi Minh City, VN", "value": "(GMT+07:00) Indochina Time - Ho Chi Minh City" },
  { "label": "Novosibirsk, RU", "value": "(GMT+07:00) Novosibirsk Standard Time" },
  { "label": "Krasnoyarsk, RU", "value": "(GMT+07:00) Krasnoyarsk Standard Time" },
  { "label": "Christmas Island, CX", "value": "(GMT+07:00) Christmas Island Time" },
  { "label": "Hovd, MN", "value": "(GMT+07:00) Hovd Standard Time" },
  { "label": "Taipei, TW", "value": "(GMT+08:00) Taiwan Standard Time" },
  { "label": "Kuala Lumpur, MY", "value": "(GMT+08:00) Malaysia Time - Kuala Lumpur" },
  { "label": "Kuching, MY", "value": "(GMT+08:00) Malaysia Time - Kuching" },
  { "label": "Bandar Seri Begawan, BN", "value": "(GMT+08:00) Brunei Time" },
  { "label": "Singapore, SG", "value": "(GMT+08:00) Singapore Standard Time" },
  { "label": "Ulaanbaatar, MN", "value": "(GMT+08:00) Ulaanbaatar Standard Time" },
  { "label": "Irkutsk, RU", "value": "(GMT+08:00) Irkutsk Standard Time" },
  { "label": "Macau, MO", "value": "(GMT+08:00) China Standard Time - Macau" },
  { "label": "Shanghai, CN", "value": "(GMT+08:00) China Standard Time - Shanghai" },
  { "label": "Makassar, ID", "value": "(GMT+08:00) Central Indonesia Time" },
  { "label": "Manila, PH", "value": "(GMT+08:00) Philippine Standard Time" },
  { "label": "Perth, AU", "value": "(GMT+08:00) Australian Western Standard Time - Perth" },
  { "label": "Hong Kong, HK", "value": "(GMT+08:00) Hong Kong Standard Time" },
  { "label": "Eucla, AU", "value": "(GMT+08:45) Australian Central Western Standard Time" },
  { "label": "Jayapura, ID", "value": "(GMT+09:00) Eastern Indonesia Time" },
  { "label": "Dili, TL", "value": "(GMT+09:00) Timor-Leste Time" },
  { "label": "Yakutsk, RU", "value": "(GMT+09:00) Yakutsk Standard Time - Yakutsk" },
  { "label": "Chita, RU", "value": "(GMT+09:00) Yakutsk Standard Time - Chita" },
  { "label": "Tokyo, JP", "value": "(GMT+09:00) Japan Standard Time" },
  { "label": "Palau, PW", "value": "(GMT+09:00) Palau Time" },
  { "label": "Seoul, KR", "value": "(GMT+09:00) Korea Standard Time - Seoul" },
  { "label": "Pyongyang, KP", "value": "(GMT+09:00) Korea Standard Time - Pyongyang" },
  { "label": "Darwin, AU", "value": "(GMT+09:30) Australian Central Standard Time" },
  { "label": "Vladivostok, RU", "value": "(GMT+10:00) Vladivostok Standard Time" },
  { "label": "Guam, GU", "value": "(GMT+10:00) Chamorro Time" },
  { "label": "Port Moresby, PG", "value": "(GMT+10:00) Papua New Guinea Time" },
  { "label": "Brisbane, AU", "value": "(GMT+10:00) Australian Eastern Standard Time - Brisbane" },
  { "label": "Broken Hill, AU", "value": "(GMT+10:30) Australian Central Time - Broken Hill" },
  { "label": "Adelaide, AU", "value": "(GMT+10:30) Australian Central Time - Adelaide" },
  { "label": "Nouméa, NC", "value": "(GMT+11:00) New Caledonia Standard Time" },
  { "label": "Lord Howe Island, AU", "value": "(GMT+11:00) Lord Howe Time" },
  { "label": "Magadan, RU", "value": "(GMT+11:00) Magadan Standard Time" },
  { "label": "Sakhalin, RU", "value": "(GMT+11:00) Sakhalin Standard Time" },
  { "label": "Port Vila, VU", "value": "(GMT+11:00) Vanuatu Standard Time" },
  { "label": "Bougainville, PG", "value": "(GMT+11:00) Bougainville Time" },
  { "label": "Honiara, SB", "value": "(GMT+11:00) Solomon Islands Time" },
  { "label": "Melbourne, AU", "value": "(GMT+11:00) Australian Eastern Time - Melbourne" },
  { "label": "Sydney, AU", "value": "(GMT+11:00) Australian Eastern Time - Sydney" },
  { "label": "Hobart, AU", "value": "(GMT+11:00) Australian Eastern Time - Hobart" },
  { "label": "Tarawa, KI", "value": "(GMT+12:00) Gilbert Islands Time" },
  { "label": "Nauru, NR", "value": "(GMT+12:00) Nauru Time" },
  { "label": "Norfolk Island, NF", "value": "(GMT+12:00) Norfolk Island Time" },
  { "label": "Majuro, MH", "value": "(GMT+12:00) Marshall Islands Time - Majuro" },
  { "label": "Wake Island, UM", "value": "(GMT+12:00) Wake Island Time" },
  { "label": "Funafuti, TV", "value": "(GMT+12:00) Tuvalu Time" },
  { "label": "Anadyr, RU", "value": "(GMT+12:00) Anadyr Time" },
  { "label": "Kamchatka, RU", "value": "(GMT+12:00) Petropavlovsk-Kamchatsky Time" },
  { "label": "Suva, FJ", "value": "(GMT+12:00) Fiji Standard Time" },
  { "label": "Auckland, NZ", "value": "(GMT+13:00) New Zealand Time" },
  { "label": "Apia, WS", "value": "(GMT+13:00) Apia Standard Time" },
  { "label": "Tokelau, TK", "value": "(GMT+13:00) Tokelau Time" },
  { "label": "Nuku'alofa, TO", "value": "(GMT+13:00) Tonga Standard Time" },
  { "label": "Enderbury, KI", "value": "(GMT+13:00) Phoenix Islands Time" },
  { "label": "Chatham Islands, NZ", "value": "(GMT+13:45) Chatham Time" },
  { "label": "Kiritimati, KI", "value": "(GMT+14:00) Line Islands Time" }
]
